id,width,height,url,photographer,photographer_url,photographer_id,avg_color,src.original,src.large2x,src.large,src.medium,src.small,src.portrait,src.landscape,src.tiny,alt
21751820,3888,5184,https://www.pexels.com/photo/a-small-island-surrounded-by-trees-in-the-middle-of-a-lake-21751820/,Felix,https://www.pexels.com/@felix-57767809,57767809,#333831,https://images.pexels.com/photos/21751820/pexels-photo-21751820.jpeg,https://images.pexels.com/photos/21751820/pexels-photo-21751820.jpeg?auto=compress&cs=tinysrgb&dpr=2&h=650&w=940,https://images.pexels.com/photos/21751820/pexels-photo-21751820.jpeg?auto=compress&cs=tinysrgb&h=650&w=940,https://images.pexels.com/photos/21751820/pexels-photo-21751820.jpeg?auto=compress&cs=tinysrgb&h=350,https://images.pexels.com/photos/21751820/pexels-photo-21751820.jpeg?auto=compress&cs=tinysrgb&h=130,https://images.pexels.com/photos/21751820/pexels-photo-21751820.jpeg?auto=compress&cs=tinysrgb&fit=crop&h=1200&w=800,https://images.pexels.com/photos/21751820/pexels-photo-21751820.jpeg?auto=compress&cs=tinysrgb&fit=crop&h=627&w=1200,https://images.pexels.com/photos/21751820/pexels-photo-21751820.jpeg?auto=compress&cs=tinysrgb&dpr=1&fit=crop&h=200&w=280,A small island surrounded by trees in the middle of a lake
21405575,5284,3514,https://www.pexels.com/photo/elderly-man-and-woman-with-bikes-at-park-21405575/,Centre for Ageing Better,https://www.pexels.com/@centre-for-ageing-better-55954677,55954677,#6D755E,https://images.pexels.com/photos/21405575/pexels-photo-21405575.jpeg,https://images.pexels.com/photos/21405575/pexels-photo-21405575.jpeg?auto=compress&cs=tinysrgb&dpr=2&h=650&w=940,https://images.pexels.com/photos/21405575/pexels-photo-21405575.jpeg?auto=compress&cs=tinysrgb&h=650&w=940,https://images.pexels.com/photos/21405575/pexels-photo-21405575.jpeg?auto=compress&cs=tinysrgb&h=350,https://images.pexels.com/photos/21405575/pexels-photo-21405575.jpeg?auto=compress&cs=tinysrgb&h=130,https://images.pexels.com/photos/21405575/pexels-photo-21405575.jpeg?auto=compress&cs=tinysrgb&fit=crop&h=1200&w=800,https://images.pexels.com/photos/21405575/pexels-photo-21405575.jpeg?auto=compress&cs=tinysrgb&fit=crop&h=627&w=1200,https://images.pexels.com/photos/21405575/pexels-photo-21405575.jpeg?auto=compress&cs=tinysrgb&dpr=1&fit=crop&h=200&w=280,Two older people cycling
21294736,3456,4608,https://www.pexels.com/photo/people-on-a-beach-in-black-and-white-21294736/,Victor  de Dompablo,https://www.pexels.com/@vkiller,1023620,#757472,https://images.pexels.com/photos/21294736/pexels-photo-21294736.jpeg,https://images.pexels.com/photos/21294736/pexels-photo-21294736.jpeg?auto=compress&cs=tinysrgb&dpr=2&h=650&w=940,https://images.pexels.com/photos/21294736/pexels-photo-21294736.jpeg?auto=compress&cs=tinysrgb&h=650&w=940,https://images.pexels.com/photos/21294736/pexels-photo-21294736.jpeg?auto=compress&cs=tinysrgb&h=350,https://images.pexels.com/photos/21294736/pexels-photo-21294736.jpeg?auto=compress&cs=tinysrgb&h=130,https://images.pexels.com/photos/21294736/pexels-photo-21294736.jpeg?auto=compress&cs=tinysrgb&fit=crop&h=1200&w=800,https://images.pexels.com/photos/21294736/pexels-photo-21294736.jpeg?auto=compress&cs=tinysrgb&fit=crop&h=627&w=1200,https://images.pexels.com/photos/21294736/pexels-photo-21294736.jpeg?auto=compress&cs=tinysrgb&dpr=1&fit=crop&h=200&w=280,Black and white photo of people walking on the beach
21617723,6000,4000,https://www.pexels.com/photo/arg-karim-khan-zand-21617723/,Amim kashmiri,https://www.pexels.com/@amim-kashmiri-1172536446,1172536446,#434343,https://images.pexels.com/photos/21617723/pexels-photo-21617723.jpeg,https://images.pexels.com/photos/21617723/pexels-photo-21617723.jpeg?auto=compress&cs=tinysrgb&dpr=2&h=650&w=940,https://images.pexels.com/photos/21617723/pexels-photo-21617723.jpeg?auto=compress&cs=tinysrgb&h=650&w=940,https://images.pexels.com/photos/21617723/pexels-photo-21617723.jpeg?auto=compress&cs=tinysrgb&h=350,https://images.pexels.com/photos/21617723/pexels-photo-21617723.jpeg?auto=compress&cs=tinysrgb&h=130,https://images.pexels.com/photos/21617723/pexels-photo-21617723.jpeg?auto=compress&cs=tinysrgb&fit=crop&h=1200&w=800,https://images.pexels.com/photos/21617723/pexels-photo-21617723.jpeg?auto=compress&cs=tinysrgb&fit=crop&h=627&w=1200,https://images.pexels.com/photos/21617723/pexels-photo-21617723.jpeg?auto=compress&cs=tinysrgb&dpr=1&fit=crop&h=200&w=280,arg karim khan zand
21328017,5207,7800,https://www.pexels.com/photo/portrait-of-hugging-couple-in-black-and-white-21328017/,Kinga Runo,https://www.pexels.com/@kinga-runo-1157203540,1157203540,#636363,https://images.pexels.com/photos/21328017/pexels-photo-21328017.jpeg,https://images.pexels.com/photos/21328017/pexels-photo-21328017.jpeg?auto=compress&cs=tinysrgb&dpr=2&h=650&w=940,https://images.pexels.com/photos/21328017/pexels-photo-21328017.jpeg?auto=compress&cs=tinysrgb&h=650&w=940,https://images.pexels.com/photos/21328017/pexels-photo-21328017.jpeg?auto=compress&cs=tinysrgb&h=350,https://images.pexels.com/photos/21328017/pexels-photo-21328017.jpeg?auto=compress&cs=tinysrgb&h=130,https://images.pexels.com/photos/21328017/pexels-photo-21328017.jpeg?auto=compress&cs=tinysrgb&fit=crop&h=1200&w=800,https://images.pexels.com/photos/21328017/pexels-photo-21328017.jpeg?auto=compress&cs=tinysrgb&fit=crop&h=627&w=1200,https://images.pexels.com/photos/21328017/pexels-photo-21328017.jpeg?auto=compress&cs=tinysrgb&dpr=1&fit=crop&h=200&w=280,"Couple photography, Kinga Runo, Bath, Bristol "
21315872,4160,6240,https://www.pexels.com/photo/roofs-of-buildings-in-london-21315872/,Matteo Roman,https://www.pexels.com/@matteo-roman-1151921619,1151921619,#91A197,https://images.pexels.com/photos/21315872/pexels-photo-21315872.jpeg,https://images.pexels.com/photos/21315872/pexels-photo-21315872.jpeg?auto=compress&cs=tinysrgb&dpr=2&h=650&w=940,https://images.pexels.com/photos/21315872/pexels-photo-21315872.jpeg?auto=compress&cs=tinysrgb&h=650&w=940,https://images.pexels.com/photos/21315872/pexels-photo-21315872.jpeg?auto=compress&cs=tinysrgb&h=350,https://images.pexels.com/photos/21315872/pexels-photo-21315872.jpeg?auto=compress&cs=tinysrgb&h=130,https://images.pexels.com/photos/21315872/pexels-photo-21315872.jpeg?auto=compress&cs=tinysrgb&fit=crop&h=1200&w=800,https://images.pexels.com/photos/21315872/pexels-photo-21315872.jpeg?auto=compress&cs=tinysrgb&fit=crop&h=627&w=1200,https://images.pexels.com/photos/21315872/pexels-photo-21315872.jpeg?auto=compress&cs=tinysrgb&dpr=1&fit=crop&h=200&w=280,A glimpse of London
21294950,5184,3456,https://www.pexels.com/photo/silhouettes-of-people-horseback-riding-on-a-beach-at-sunset-21294950/,Badr Samih,https://www.pexels.com/@badr-samih-1061561024,1061561024,#7C401B,https://images.pexels.com/photos/21294950/pexels-photo-21294950.jpeg,https://images.pexels.com/photos/21294950/pexels-photo-21294950.jpeg?auto=compress&cs=tinysrgb&dpr=2&h=650&w=940,https://images.pexels.com/photos/21294950/pexels-photo-21294950.jpeg?auto=compress&cs=tinysrgb&h=650&w=940,https://images.pexels.com/photos/21294950/pexels-photo-21294950.jpeg?auto=compress&cs=tinysrgb&h=350,https://images.pexels.com/photos/21294950/pexels-photo-21294950.jpeg?auto=compress&cs=tinysrgb&h=130,https://images.pexels.com/photos/21294950/pexels-photo-21294950.jpeg?auto=compress&cs=tinysrgb&fit=crop&h=1200&w=800,https://images.pexels.com/photos/21294950/pexels-photo-21294950.jpeg?auto=compress&cs=tinysrgb&fit=crop&h=627&w=1200,https://images.pexels.com/photos/21294950/pexels-photo-21294950.jpeg?auto=compress&cs=tinysrgb&dpr=1&fit=crop&h=200&w=280,End of the day with the horses of Casablanca
21274611,2862,4296,https://www.pexels.com/photo/sunlit-lake-on-salt-flat-21274611/,Marcelo Gonzalez,https://www.pexels.com/@marcelo-gonzalez-1141370437,1141370437,#798792,https://images.pexels.com/photos/21274611/pexels-photo-21274611.jpeg,https://images.pexels.com/photos/21274611/pexels-photo-21274611.jpeg?auto=compress&cs=tinysrgb&dpr=2&h=650&w=940,https://images.pexels.com/photos/21274611/pexels-photo-21274611.jpeg?auto=compress&cs=tinysrgb&h=650&w=940,https://images.pexels.com/photos/21274611/pexels-photo-21274611.jpeg?auto=compress&cs=tinysrgb&h=350,https://images.pexels.com/photos/21274611/pexels-photo-21274611.jpeg?auto=compress&cs=tinysrgb&h=130,https://images.pexels.com/photos/21274611/pexels-photo-21274611.jpeg?auto=compress&cs=tinysrgb&fit=crop&h=1200&w=800,https://images.pexels.com/photos/21274611/pexels-photo-21274611.jpeg?auto=compress&cs=tinysrgb&fit=crop&h=627&w=1200,https://images.pexels.com/photos/21274611/pexels-photo-21274611.jpeg?auto=compress&cs=tinysrgb&dpr=1&fit=crop&h=200&w=280,Profundidad
21705409,2920,3965,https://www.pexels.com/photo/a-large-group-of-pink-and-white-flowers-21705409/,Guzel'S,https://www.pexels.com/@guzel-s-3331480,3331480,#8F806B,https://images.pexels.com/photos/21705409/pexels-photo-21705409.jpeg,https://images.pexels.com/photos/21705409/pexels-photo-21705409.jpeg?auto=compress&cs=tinysrgb&dpr=2&h=650&w=940,https://images.pexels.com/photos/21705409/pexels-photo-21705409.jpeg?auto=compress&cs=tinysrgb&h=650&w=940,https://images.pexels.com/photos/21705409/pexels-photo-21705409.jpeg?auto=compress&cs=tinysrgb&h=350,https://images.pexels.com/photos/21705409/pexels-photo-21705409.jpeg?auto=compress&cs=tinysrgb&h=130,https://images.pexels.com/photos/21705409/pexels-photo-21705409.jpeg?auto=compress&cs=tinysrgb&fit=crop&h=1200&w=800,https://images.pexels.com/photos/21705409/pexels-photo-21705409.jpeg?auto=compress&cs=tinysrgb&fit=crop&h=627&w=1200,https://images.pexels.com/photos/21705409/pexels-photo-21705409.jpeg?auto=compress&cs=tinysrgb&dpr=1&fit=crop&h=200&w=280,"Free stock photo of awakening, background, blooming"
21077134,2551,4536,https://www.pexels.com/photo/aerial-view-of-a-surfer-riding-a-wave-21077134/,Lukas  Faust,https://www.pexels.com/@lukasfst,54872664,#8C968E,https://images.pexels.com/photos/21077134/pexels-photo-21077134.jpeg,https://images.pexels.com/photos/21077134/pexels-photo-21077134.jpeg?auto=compress&cs=tinysrgb&dpr=2&h=650&w=940,https://images.pexels.com/photos/21077134/pexels-photo-21077134.jpeg?auto=compress&cs=tinysrgb&h=650&w=940,https://images.pexels.com/photos/21077134/pexels-photo-21077134.jpeg?auto=compress&cs=tinysrgb&h=350,https://images.pexels.com/photos/21077134/pexels-photo-21077134.jpeg?auto=compress&cs=tinysrgb&h=130,https://images.pexels.com/photos/21077134/pexels-photo-21077134.jpeg?auto=compress&cs=tinysrgb&fit=crop&h=1200&w=800,https://images.pexels.com/photos/21077134/pexels-photo-21077134.jpeg?auto=compress&cs=tinysrgb&fit=crop&h=627&w=1200,https://images.pexels.com/photos/21077134/pexels-photo-21077134.jpeg?auto=compress&cs=tinysrgb&dpr=1&fit=crop&h=200&w=280,Canggu Surfer
